{"cameraMode":{"drawMode":0,"name":"Shaded","section":"Shading Mode"},"sceneLighting":false,"audioPlay":false,"sceneViewState":{"showFog":true,"showMaterialUpdate":false,"showSkybox":false,"showFlares":true,"showImageEffects":true,"showParticleSystems":true},"in2DMode":false,"pivot":{"x":-0.7997241020202637,"y":5.383976459503174,"z":0.26702213287353518},"rotation":{"x":0.4215571880340576,"y":0.29244905710220339,"z":-0.1457703858613968,"w":0.8459634184837341},"size":9.26032543182373,"orthographic":false}