{"cameraMode":{"drawMode":0,"name":"Shaded","section":"Shading Mode"},"sceneLighting":false,"audioPlay":false,"sceneViewState":{"showFog":true,"showMaterialUpdate":false,"showSkybox":false,"showFlares":true,"showImageEffects":true,"showParticleSystems":true},"in2DMode":false,"pivot":{"x":0.0,"y":0.8405340313911438,"z":0.04046471416950226},"rotation":{"x":0.18096013367176057,"y":-0.8052592873573303,"z":0.4732670783996582,"w":0.30807340145111086},"size":1.3690669536590577,"orthographic":false}