{"cameraMode":{"drawMode":0,"name":"Shaded","section":"Shading Mode"},"sceneLighting":false,"audioPlay":false,"sceneViewState":{"showFog":true,"showMaterialUpdate":true,"showSkybox":false,"showFlares":true,"showImageEffects":true,"showParticleSystems":true,"showVisualEffectGraphs":true,"m_FxEnabled":true},"in2DMode":false,"pivot":{"x":24.170162200927736,"y":2.9553275108337404,"z":12.205817222595215},"rotation":{"x":0.47000738978385928,"y":0.014582392759621144,"z":-0.007519118022173643,"w":0.8826251029968262},"size":0.5941941738128662,"orthographic":false}