{"cameraMode":{"drawMode":0,"name":"Shaded","section":"Shading Mode"},"sceneLighting":false,"audioPlay":false,"sceneViewState":{"m_AlwaysRefresh":false,"showFog":true,"showSkybox":false,"showFlares":true,"showImageEffects":true,"showParticleSystems":true,"showVisualEffectGraphs":true,"m_FxEnabled":true},"in2DMode":false,"pivot":{"x":-1.7362613677978516,"y":6.507005214691162,"z":-0.014003276824951172},"rotation":{"x":-0.3526407480239868,"y":0.04404958710074425,"z":-0.016619598492980005,"w":-0.9345760345458984},"size":9.484524726867676,"orthographic":false}