{"cameraMode":{"drawMode":0,"name":"Shaded","section":"Shading Mode"},"sceneLighting":true,"audioPlay":false,"sceneViewState":{"showFog":true,"showMaterialUpdate":true,"showSkybox":true,"showFlares":true,"showImageEffects":true,"showParticleSystems":true,"showVisualEffectGraphs":true,"m_FxEnabled":true},"in2DMode":false,"pivot":{"x":-29.828596115112306,"y":40.095306396484378,"z":-34.39689254760742},"rotation":{"x":0.4195030629634857,"y":0.004083658568561077,"z":-0.0018911994993686677,"w":0.9077550768852234},"size":35.70668411254883,"orthographic":false}