{"cameraMode":{"drawMode":0,"name":"Shaded","section":"Shading Mode"},"sceneLighting":false,"audioPlay":false,"sceneViewState":{"showFog":true,"showMaterialUpdate":true,"showSkybox":false,"showFlares":true,"showImageEffects":true,"showParticleSystems":true,"showVisualEffectGraphs":true,"m_FxEnabled":true},"in2DMode":false,"pivot":{"x":27.299997329711915,"y":2.9777188301086427,"z":9.782833099365235},"rotation":{"x":0.47000738978385928,"y":0.014582392759621144,"z":-0.007519118022173643,"w":0.8826251029968262},"size":0.3773852288722992,"orthographic":false}