{"cameraMode":{"drawMode":0,"name":"Shaded","section":"Shading Mode"},"sceneLighting":false,"audioPlay":false,"sceneViewState":{"showFog":true,"showMaterialUpdate":true,"showSkybox":false,"showFlares":true,"showImageEffects":true,"showParticleSystems":true,"showVisualEffectGraphs":true,"m_FxEnabled":true},"in2DMode":false,"pivot":{"x":0.02125774323940277,"y":0.901106059551239,"z":0.44879627227783205},"rotation":{"x":0.10060545802116394,"y":0.03275708481669426,"z":-0.003090950194746256,"w":0.994484543800354},"size":1.6436054706573487,"orthographic":false}