{"cameraMode":{"drawMode":0,"name":"Shaded","section":"Shading Mode"},"sceneLighting":true,"audioPlay":false,"sceneViewState":{"showFog":true,"showMaterialUpdate":true,"showSkybox":true,"showFlares":true,"showImageEffects":true,"showParticleSystems":true},"in2DMode":false,"pivot":{"x":93.2785415649414,"y":-0.049542903900146487,"z":-16.525772094726564},"rotation":{"x":0.14263050258159638,"y":0.6919525265693665,"z":-0.14224761724472047,"w":0.6933781504631043},"size":4.975447654724121,"orthographic":false}