{"cameraMode":{"drawMode":0,"name":"Shaded","section":"Shading Mode"},"sceneLighting":false,"audioPlay":false,"sceneViewState":{"showFog":true,"showMaterialUpdate":true,"showSkybox":false,"showFlares":true,"showImageEffects":true,"showParticleSystems":true},"in2DMode":false,"pivot":{"x":8.848917961120606,"y":0.535405158996582,"z":-3.4574713706970217},"rotation":{"x":0.35956358909606936,"y":-0.014066577889025212,"z":0.00557712372392416,"w":0.9330935478210449},"size":0.8660382628440857,"orthographic":false}