{"cameraMode":{"drawMode":0,"name":"Shaded","section":"Shading Mode"},"sceneLighting":false,"audioPlay":false,"sceneViewState":{"showFog":true,"showMaterialUpdate":true,"showSkybox":false,"showFlares":true,"showImageEffects":true,"showParticleSystems":true},"in2DMode":false,"pivot":{"x":2.7280969619750978,"y":3.312357187271118,"z":-0.5084909796714783},"rotation":{"x":0.538600742816925,"y":0.015180397778749466,"z":-0.00946241058409214,"w":0.8424848318099976},"size":4.456954479217529,"orthographic":false}