{"cameraMode":{"drawMode":0,"name":"Shaded","section":"Shading Mode"},"sceneLighting":false,"audioPlay":false,"sceneViewState":{"showFog":true,"showMaterialUpdate":true,"showSkybox":false,"showFlares":true,"showImageEffects":true,"showParticleSystems":true},"in2DMode":false,"pivot":{"x":94.4526138305664,"y":3.384368419647217,"z":-16.682706832885743},"rotation":{"x":0.4149230122566223,"y":0.0027228440158069135,"z":-0.0010176146170124412,"w":0.909963071346283},"size":0.4526350498199463,"orthographic":false}