{"cameraMode":{"drawMode":0,"name":"Shaded","section":"Shading Mode"},"sceneLighting":true,"audioPlay":false,"sceneViewState":{"showFog":true,"showMaterialUpdate":true,"showSkybox":true,"showFlares":true,"showImageEffects":true,"showParticleSystems":true},"in2DMode":false,"pivot":{"x":3.6759815216064455,"y":6.485085964202881,"z":-13.240058898925782},"rotation":{"x":0.47000738978385928,"y":0.014582392759621144,"z":-0.007519118022173643,"w":0.8826251029968262},"size":2.6023054122924806,"orthographic":false}