{"cameraMode":{"drawMode":0,"name":"Shaded","section":"Shading Mode"},"sceneLighting":false,"audioPlay":false,"sceneViewState":{"showFog":true,"showMaterialUpdate":true,"showSkybox":false,"showFlares":true,"showImageEffects":true,"showParticleSystems":true},"in2DMode":false,"pivot":{"x":112.90400695800781,"y":5.307005405426025,"z":-11.562793731689454},"rotation":{"x":0.4607012867927551,"y":-0.014644448645412922,"z":0.007883908227086068,"w":0.887503981590271},"size":9.484526634216309,"orthographic":false}