{"cameraMode":{"drawMode":0,"name":"Shaded","section":"Shading Mode"},"sceneLighting":false,"audioPlay":false,"sceneViewState":{"showFog":true,"showMaterialUpdate":true,"showSkybox":false,"showFlares":true,"showImageEffects":true,"showParticleSystems":true},"in2DMode":false,"pivot":{"x":3.7549867630004885,"y":1.0202808380126954,"z":-9.715546607971192},"rotation":{"x":0.3439749479293823,"y":-0.6336551308631897,"z":0.37384000420570376,"w":0.5836188197135925},"size":1.0526351928710938,"orthographic":false}