{"cameraMode":{"drawMode":0,"name":"Shaded","section":"Shading Mode"},"sceneLighting":false,"audioPlay":false,"sceneViewState":{"showFog":true,"showMaterialUpdate":true,"showSkybox":false,"showFlares":true,"showImageEffects":true,"showParticleSystems":true},"in2DMode":false,"pivot":{"x":24.170162200927736,"y":2.9553275108337404,"z":12.205817222595215},"rotation":{"x":0.4149230122566223,"y":0.0027228440158069135,"z":-0.0010176146170124412,"w":0.909963071346283},"size":0.5941941738128662,"orthographic":false}